Ligand,Ligand_Chain,Ligand_Number,Ligand_Atom,Contact_Type,Distance,Residue,Residue_Chain,Residue_Number,Residue_Atom
ASN,A,443,O,vdw_clash,2.53,LYS,B,140,CE
ASN,A,443,O,weak_polar,2.53,LYS,B,140,CE
ASN,A,443,C,vdw_clash,3.36,LYS,B,140,CE
ASN,A,443,CA,vdw_clash,3.04,LYS,B,140,NZ
ASP,B,132,OD1,vdw_clash,3.15,CYS,A,5,SG
ASP,B,132,OD1,polar,3.15,CYS,A,5,SG
ASN,A,443,O,vdw_clash,2.22,LYS,B,140,NZ
ASN,A,443,O,hbond,2.22,LYS,B,140,NZ
ASN,A,443,O,polar,2.22,LYS,B,140,NZ
ASN,A,443,C,vdw_clash,2.99,LYS,B,140,NZ
SER,B,136,OG,vdw_clash,2.66,VAL,A,1,CG1
SER,B,136,OG,weak_polar,2.66,VAL,A,1,CG1
GLN,B,135,CB,vdw_clash,3.28,VAL,A,1,CG2
GLN,B,135,CB,hydrophobic,3.28,VAL,A,1,CG2
ASP,B,133,OD1,vdw_clash,2.83,VAL,A,1,CG2
ASP,B,133,OD1,weak_polar,2.83,VAL,A,1,CG2
ASP,B,133,OD1,vdw_clash,3.05,VAL,A,1,CG1
ASP,B,133,OD1,weak_polar,3.05,VAL,A,1,CG1
VAL,A,1,CB,vdw,3.24,ASP,B,133,OD1
VAL,A,1,CB,weak_polar,3.24,ASP,B,133,OD1
VAL,A,1,CG2,vdw,3.42,ASP,B,133,CG
ASP,B,133,CG,vdw_clash,3.37,VAL,A,1,CG1
VAL,A,1,CB,vdw,3.47,ASP,B,133,CG
VAL,A,1,CA,vdw_clash,3.2,ASP,B,133,CG
VAL,A,1,CA,vdw_clash,3.22,ASP,B,133,OD2
VAL,A,1,CA,weak_polar,3.22,ASP,B,133,OD2
LYS,B,55,NZ,vdw_clash,3.1,LYS,A,415,CB
ARG,A,21,NH1,vdw_clash,2.9,LYS,B,55,NZ
LYS,B,55,NZ,vdw_clash,3.05,LYS,A,415,O
LYS,B,55,NZ,hbond,3.05,LYS,A,415,O
LYS,B,55,NZ,polar,3.05,LYS,A,415,O
LYS,B,55,NZ,vdw_clash,2.95,LYS,A,415,C
THR,A,416,N,vdw,3.1,LYS,B,55,NZ
ARG,B,60,NH2,vdw_clash,3.02,SER,A,22,CB
SER,A,22,N,vdw_clash,2.85,ARG,B,60,NH2
ARG,B,60,NH2,vdw_clash,2.51,ARG,A,21,C
ARG,A,21,C,vdw_clash,3.36,ARG,B,60,CZ
ARG,B,60,NH2,vdw_clash,2.26,ARG,A,21,O
ARG,B,60,NH2,polar,2.26,ARG,A,21,O
ARG,A,21,O,vdw_clash,2.94,ARG,B,60,CZ
ARG,B,60,NE,vdw_clash,2.89,ARG,A,21,O
ARG,B,60,NE,hbond,2.89,ARG,A,21,O
ARG,B,60,NE,polar,2.89,ARG,A,21,O
ARG,B,60,CG,vdw_clash,3.38,ARG,A,21,CZ
ARG,B,60,CB,vdw_clash,3.38,ARG,A,21,CZ
ARG,B,60,CA,vdw,3.31,ARG,A,21,NH2
LYS,B,55,CE,vdw_clash,2.82,ARG,A,21,NH2
ARG,B,60,CG,vdw_clash,2.57,ARG,A,21,NH2
ARG,A,21,CZ,vdw_clash,3.12,LYS,B,55,CE
ARG,B,60,CB,vdw_clash,2.17,ARG,A,21,NH2
ARG,A,21,CB,vdw_clash,3.22,ARG,B,60,NH2
ARG,A,21,CB,vdw_clash,3.25,ARG,B,60,CZ
ARG,A,21,CZ,vdw_clash,3.0,ARG,B,60,CD
ARG,A,21,NH2,vdw_clash,2.57,ARG,B,60,CD
ARG,A,21,CZ,vdw_clash,2.86,LYS,B,55,NZ
LYS,B,55,NZ,vdw,3.11,ARG,A,21,NH2
ILE,B,62,CD1,vdw_clash,3.07,ALA,A,412,CB
ILE,B,62,CD1,hydrophobic,3.07,ALA,A,412,CB
ARG,B,60,NH2,vdw_clash,3.14,SER,A,22,CA
ARG,A,11,CZ,vdw_clash,3.26,THR,B,122,CG2
ALA,A,7,CB,vdw_clash,3.33,TYR,B,14,CE2
ALA,A,7,CB,hydrophobic,3.33,TYR,B,14,CE2
ALA,A,7,CB,vdw_clash,2.99,TYR,B,14,CZ
ALA,A,7,CB,vdw_clash,2.85,TYR,B,14,OH
ALA,A,7,CB,weak_polar,2.85,TYR,B,14,OH
ARG,A,11,NH1,vdw,3.13,CYS,B,13,O
ARG,A,11,NH1,polar,3.13,CYS,B,13,O
ILE,B,131,CD1,vdw,3.45,LEU,A,8,CD1
ILE,B,131,CD1,hydrophobic,3.45,LEU,A,8,CD1
ILE,B,131,CD1,vdw_clash,2.96,LEU,A,8,CD2
ILE,B,131,CD1,hydrophobic,2.96,LEU,A,8,CD2
ARG,A,11,NH1,vdw_clash,3.11,THR,B,122,CG2
THR,B,122,CG2,vdw_clash,2.98,ARG,A,11,NH2
GLY,A,125,N,vdw,3.34,TRP,B,47,CZ2
TRP,B,47,CZ2,vdw_clash,3.36,GLY,A,125,CA
PHE,B,44,CE2,vdw_clash,3.13,SER,A,409,O
PHE,B,44,CE2,weak_polar,3.13,SER,A,409,O
